provincia,url
Arezzo,https://elezioni2020.regione.toscana.it/Elezioni2020/www/Risultati/09051001.html
Arezzo,https://elezioni2020.regione.toscana.it/Elezioni2020/www/Risultati/09051002.html
Arezzo,https://elezioni2020.regione.toscana.it/Elezioni2020/www/Risultati/09051003.html
Arezzo,https://elezioni2020.regione.toscana.it/Elezioni2020/www/Risultati/09051004.html
Arezzo,https://elezioni2020.regione.toscana.it/Elezioni2020/www/Risultati/09051005.html
Arezzo,https://elezioni2020.regione.toscana.it/Elezioni2020/www/Risultati/09051006.html
Arezzo,https://elezioni2020.regione.toscana.it/Elezioni2020/www/Risultati/09051007.html
Arezzo,https://elezioni2020.regione.toscana.it/Elezioni2020/www/Risultati/09051008.html
Arezzo,https://elezioni2020.regione.toscana.it/Elezioni2020/www/Risultati/09051010.html
Arezzo,https://elezioni2020.regione.toscana.it/Elezioni2020/www/Risultati/09051040.html
Arezzo,https://elezioni2020.regione.toscana.it/Elezioni2020/www/Risultati/09051011.html
Arezzo,https://elezioni2020.regione.toscana.it/Elezioni2020/www/Risultati/09051012.html
Arezzo,https://elezioni2020.regione.toscana.it/Elezioni2020/www/Risultati/09051013.html
Arezzo,https://elezioni2020.regione.toscana.it/Elezioni2020/www/Risultati/09051014.html
Arezzo,https://elezioni2020.regione.toscana.it/Elezioni2020/www/Risultati/09051015.html
Arezzo,https://elezioni2020.regione.toscana.it/Elezioni2020/www/Risultati/09051016.html
Arezzo,https://elezioni2020.regione.toscana.it/Elezioni2020/www/Risultati/09051017.html
Arezzo,https://elezioni2020.regione.toscana.it/Elezioni2020/www/Risultati/09051018.html
Arezzo,https://elezioni2020.regione.toscana.it/Elezioni2020/www/Risultati/09051020.html
Arezzo,https://elezioni2020.regione.toscana.it/Elezioni2020/www/Risultati/09051021.html
Arezzo,https://elezioni2020.regione.toscana.it/Elezioni2020/www/Risultati/09051022.html
Arezzo,https://elezioni2020.regione.toscana.it/Elezioni2020/www/Risultati/09051025.html
Arezzo,https://elezioni2020.regione.toscana.it/Elezioni2020/www/Risultati/09051023.html
Arezzo,https://elezioni2020.regione.toscana.it/Elezioni2020/www/Risultati/09051024.html
Arezzo,https://elezioni2020.regione.toscana.it/Elezioni2020/www/Risultati/09051026.html
Arezzo,https://elezioni2020.regione.toscana.it/Elezioni2020/www/Risultati/09051027.html
Arezzo,https://elezioni2020.regione.toscana.it/Elezioni2020/www/Risultati/09051030.html
Arezzo,https://elezioni2020.regione.toscana.it/Elezioni2020/www/Risultati/09051031.html
Arezzo,https://elezioni2020.regione.toscana.it/Elezioni2020/www/Risultati/09051041.html
Arezzo,https://elezioni2020.regione.toscana.it/Elezioni2020/www/Risultati/09051033.html
Arezzo,https://elezioni2020.regione.toscana.it/Elezioni2020/www/Risultati/09051034.html
Arezzo,https://elezioni2020.regione.toscana.it/Elezioni2020/www/Risultati/09051035.html
Arezzo,https://elezioni2020.regione.toscana.it/Elezioni2020/www/Risultati/09051037.html
Arezzo,https://elezioni2020.regione.toscana.it/Elezioni2020/www/Risultati/09051038.html
Arezzo,https://elezioni2020.regione.toscana.it/Elezioni2020/www/Risultati/09051039.html
Arezzo,https://elezioni2020.regione.toscana.it/Elezioni2020/www/Risultati/09051042.html
Grosseto,https://elezioni2020.regione.toscana.it/Elezioni2020/www/Risultati/09053001.html
Grosseto,https://elezioni2020.regione.toscana.it/Elezioni2020/www/Risultati/09053002.html
Grosseto,https://elezioni2020.regione.toscana.it/Elezioni2020/www/Risultati/09053003.html
Grosseto,https://elezioni2020.regione.toscana.it/Elezioni2020/www/Risultati/09053004.html
Grosseto,https://elezioni2020.regione.toscana.it/Elezioni2020/www/Risultati/09053005.html
Grosseto,https://elezioni2020.regione.toscana.it/Elezioni2020/www/Risultati/09053006.html
Grosseto,https://elezioni2020.regione.toscana.it/Elezioni2020/www/Risultati/09053007.html
Grosseto,https://elezioni2020.regione.toscana.it/Elezioni2020/www/Risultati/09053008.html
Grosseto,https://elezioni2020.regione.toscana.it/Elezioni2020/www/Risultati/09053009.html
Grosseto,https://elezioni2020.regione.toscana.it/Elezioni2020/www/Risultati/09053010.html
Grosseto,https://elezioni2020.regione.toscana.it/Elezioni2020/www/Risultati/09053011.html
Grosseto,https://elezioni2020.regione.toscana.it/Elezioni2020/www/Risultati/09053012.html
Grosseto,https://elezioni2020.regione.toscana.it/Elezioni2020/www/Risultati/09053013.html
Grosseto,https://elezioni2020.regione.toscana.it/Elezioni2020/www/Risultati/09053014.html
Grosseto,https://elezioni2020.regione.toscana.it/Elezioni2020/www/Risultati/09053015.html
Grosseto,https://elezioni2020.regione.toscana.it/Elezioni2020/www/Risultati/09053016.html
Grosseto,https://elezioni2020.regione.toscana.it/Elezioni2020/www/Risultati/09053027.html
Grosseto,https://elezioni2020.regione.toscana.it/Elezioni2020/www/Risultati/09053017.html
Grosseto,https://elezioni2020.regione.toscana.it/Elezioni2020/www/Risultati/09053018.html
Grosseto,https://elezioni2020.regione.toscana.it/Elezioni2020/www/Risultati/09053019.html
Grosseto,https://elezioni2020.regione.toscana.it/Elezioni2020/www/Risultati/09053020.html
Grosseto,https://elezioni2020.regione.toscana.it/Elezioni2020/www/Risultati/09053021.html
Grosseto,https://elezioni2020.regione.toscana.it/Elezioni2020/www/Risultati/09053022.html
Grosseto,https://elezioni2020.regione.toscana.it/Elezioni2020/www/Risultati/09053023.html
Grosseto,https://elezioni2020.regione.toscana.it/Elezioni2020/www/Risultati/09053024.html
Grosseto,https://elezioni2020.regione.toscana.it/Elezioni2020/www/Risultati/09053025.html
Grosseto,https://elezioni2020.regione.toscana.it/Elezioni2020/www/Risultati/09053028.html
Grosseto,https://elezioni2020.regione.toscana.it/Elezioni2020/www/Risultati/09053026.html
Livorno,https://elezioni2020.regione.toscana.it/Elezioni2020/www/Risultati/09049001.html
Livorno,https://elezioni2020.regione.toscana.it/Elezioni2020/www/Risultati/09049002.html
Livorno,https://elezioni2020.regione.toscana.it/Elezioni2020/www/Risultati/09049003.html
Livorno,https://elezioni2020.regione.toscana.it/Elezioni2020/www/Risultati/09049004.html
Livorno,https://elezioni2020.regione.toscana.it/Elezioni2020/www/Risultati/09049005.html
Livorno,https://elezioni2020.regione.toscana.it/Elezioni2020/www/Risultati/09049006.html
Livorno,https://elezioni2020.regione.toscana.it/Elezioni2020/www/Risultati/09049007.html
Livorno,https://elezioni2020.regione.toscana.it/Elezioni2020/www/Risultati/09049008.html
Livorno,https://elezioni2020.regione.toscana.it/Elezioni2020/www/Risultati/09049009.html
Livorno,https://elezioni2020.regione.toscana.it/Elezioni2020/www/Risultati/09049010.html
Livorno,https://elezioni2020.regione.toscana.it/Elezioni2020/www/Risultati/09049011.html
Livorno,https://elezioni2020.regione.toscana.it/Elezioni2020/www/Risultati/09049012.html
Livorno,https://elezioni2020.regione.toscana.it/Elezioni2020/www/Risultati/09049013.html
Livorno,https://elezioni2020.regione.toscana.it/Elezioni2020/www/Risultati/09049014.html
Livorno,https://elezioni2020.regione.toscana.it/Elezioni2020/www/Risultati/09049021.html
Livorno,https://elezioni2020.regione.toscana.it/Elezioni2020/www/Risultati/09049017.html
Livorno,https://elezioni2020.regione.toscana.it/Elezioni2020/www/Risultati/09049018.html
Livorno,https://elezioni2020.regione.toscana.it/Elezioni2020/www/Risultati/09049019.html
Livorno,https://elezioni2020.regione.toscana.it/Elezioni2020/www/Risultati/09049020.html
Massa-Carrara,https://elezioni2020.regione.toscana.it/Elezioni2020/www/Risultati/09045001.html
Massa-Carrara,https://elezioni2020.regione.toscana.it/Elezioni2020/www/Risultati/09045002.html
Massa-Carrara,https://elezioni2020.regione.toscana.it/Elezioni2020/www/Risultati/09045003.html
Massa-Carrara,https://elezioni2020.regione.toscana.it/Elezioni2020/www/Risultati/09045004.html
Massa-Carrara,https://elezioni2020.regione.toscana.it/Elezioni2020/www/Risultati/09045005.html
Massa-Carrara,https://elezioni2020.regione.toscana.it/Elezioni2020/www/Risultati/09045006.html
Massa-Carrara,https://elezioni2020.regione.toscana.it/Elezioni2020/www/Risultati/09045007.html
Massa-Carrara,https://elezioni2020.regione.toscana.it/Elezioni2020/www/Risultati/09045008.html
Massa-Carrara,https://elezioni2020.regione.toscana.it/Elezioni2020/www/Risultati/09045009.html
Massa-Carrara,https://elezioni2020.regione.toscana.it/Elezioni2020/www/Risultati/09045010.html
Massa-Carrara,https://elezioni2020.regione.toscana.it/Elezioni2020/www/Risultati/09045011.html
Massa-Carrara,https://elezioni2020.regione.toscana.it/Elezioni2020/www/Risultati/09045012.html
Massa-Carrara,https://elezioni2020.regione.toscana.it/Elezioni2020/www/Risultati/09045013.html
Massa-Carrara,https://elezioni2020.regione.toscana.it/Elezioni2020/www/Risultati/09045014.html
Massa-Carrara,https://elezioni2020.regione.toscana.it/Elezioni2020/www/Risultati/09045015.html
Massa-Carrara,https://elezioni2020.regione.toscana.it/Elezioni2020/www/Risultati/09045016.html
Massa-Carrara,https://elezioni2020.regione.toscana.it/Elezioni2020/www/Risultati/09045017.html
Pisa,https://elezioni2020.regione.toscana.it/Elezioni2020/www/Risultati/09050001.html
Pisa,https://elezioni2020.regione.toscana.it/Elezioni2020/www/Risultati/09050002.html
Pisa,https://elezioni2020.regione.toscana.it/Elezioni2020/www/Risultati/09050003.html
Pisa,https://elezioni2020.regione.toscana.it/Elezioni2020/www/Risultati/09050004.html
Pisa,https://elezioni2020.regione.toscana.it/Elezioni2020/www/Risultati/09050005.html
Pisa,https://elezioni2020.regione.toscana.it/Elezioni2020/www/Risultati/09050006.html
Pisa,https://elezioni2020.regione.toscana.it/Elezioni2020/www/Risultati/09050040.html
Pisa,https://elezioni2020.regione.toscana.it/Elezioni2020/www/Risultati/09050008.html
Pisa,https://elezioni2020.regione.toscana.it/Elezioni2020/www/Risultati/09050009.html
Pisa,https://elezioni2020.regione.toscana.it/Elezioni2020/www/Risultati/09050010.html
Pisa,https://elezioni2020.regione.toscana.it/Elezioni2020/www/Risultati/09050011.html
Pisa,https://elezioni2020.regione.toscana.it/Elezioni2020/www/Risultati/09050012.html
Pisa,https://elezioni2020.regione.toscana.it/Elezioni2020/www/Risultati/09050041.html
Pisa,https://elezioni2020.regione.toscana.it/Elezioni2020/www/Risultati/09050014.html
Pisa,https://elezioni2020.regione.toscana.it/Elezioni2020/www/Risultati/09050015.html
Pisa,https://elezioni2020.regione.toscana.it/Elezioni2020/www/Risultati/09050016.html
Pisa,https://elezioni2020.regione.toscana.it/Elezioni2020/www/Risultati/09050019.html
Pisa,https://elezioni2020.regione.toscana.it/Elezioni2020/www/Risultati/09050020.html
Pisa,https://elezioni2020.regione.toscana.it/Elezioni2020/www/Risultati/09050021.html
Pisa,https://elezioni2020.regione.toscana.it/Elezioni2020/www/Risultati/09050022.html
Pisa,https://elezioni2020.regione.toscana.it/Elezioni2020/www/Risultati/09050023.html
Pisa,https://elezioni2020.regione.toscana.it/Elezioni2020/www/Risultati/09050024.html
Pisa,https://elezioni2020.regione.toscana.it/Elezioni2020/www/Risultati/09050025.html
Pisa,https://elezioni2020.regione.toscana.it/Elezioni2020/www/Risultati/09050026.html
Pisa,https://elezioni2020.regione.toscana.it/Elezioni2020/www/Risultati/09050027.html
Pisa,https://elezioni2020.regione.toscana.it/Elezioni2020/www/Risultati/09050028.html
Pisa,https://elezioni2020.regione.toscana.it/Elezioni2020/www/Risultati/09050029.html
Pisa,https://elezioni2020.regione.toscana.it/Elezioni2020/www/Risultati/09050030.html
Pisa,https://elezioni2020.regione.toscana.it/Elezioni2020/www/Risultati/09050031.html
Pisa,https://elezioni2020.regione.toscana.it/Elezioni2020/www/Risultati/09050032.html
Pisa,https://elezioni2020.regione.toscana.it/Elezioni2020/www/Risultati/09050033.html
Pisa,https://elezioni2020.regione.toscana.it/Elezioni2020/www/Risultati/09050034.html
Pisa,https://elezioni2020.regione.toscana.it/Elezioni2020/www/Risultati/09050035.html
Pisa,https://elezioni2020.regione.toscana.it/Elezioni2020/www/Risultati/09050036.html
Pisa,https://elezioni2020.regione.toscana.it/Elezioni2020/www/Risultati/09050037.html
Pisa,https://elezioni2020.regione.toscana.it/Elezioni2020/www/Risultati/09050038.html
Pisa,https://elezioni2020.regione.toscana.it/Elezioni2020/www/Risultati/09050039.html
Pistoia,https://elezioni2020.regione.toscana.it/Elezioni2020/www/Risultati/09047023.html
Pistoia,https://elezioni2020.regione.toscana.it/Elezioni2020/www/Risultati/09047002.html
Pistoia,https://elezioni2020.regione.toscana.it/Elezioni2020/www/Risultati/09047003.html
Pistoia,https://elezioni2020.regione.toscana.it/Elezioni2020/www/Risultati/09047022.html
Pistoia,https://elezioni2020.regione.toscana.it/Elezioni2020/www/Risultati/09047005.html
Pistoia,https://elezioni2020.regione.toscana.it/Elezioni2020/www/Risultati/09047006.html
Pistoia,https://elezioni2020.regione.toscana.it/Elezioni2020/www/Risultati/09047007.html
Pistoia,https://elezioni2020.regione.toscana.it/Elezioni2020/www/Risultati/09047008.html
Pistoia,https://elezioni2020.regione.toscana.it/Elezioni2020/www/Risultati/09047009.html
Pistoia,https://elezioni2020.regione.toscana.it/Elezioni2020/www/Risultati/09047010.html
Pistoia,https://elezioni2020.regione.toscana.it/Elezioni2020/www/Risultati/09047011.html
Pistoia,https://elezioni2020.regione.toscana.it/Elezioni2020/www/Risultati/09047012.html
Pistoia,https://elezioni2020.regione.toscana.it/Elezioni2020/www/Risultati/09047013.html
Pistoia,https://elezioni2020.regione.toscana.it/Elezioni2020/www/Risultati/09047014.html
Pistoia,https://elezioni2020.regione.toscana.it/Elezioni2020/www/Risultati/09047016.html
Pistoia,https://elezioni2020.regione.toscana.it/Elezioni2020/www/Risultati/09047017.html
Pistoia,https://elezioni2020.regione.toscana.it/Elezioni2020/www/Risultati/09047018.html
Pistoia,https://elezioni2020.regione.toscana.it/Elezioni2020/www/Risultati/09047024.html
Pistoia,https://elezioni2020.regione.toscana.it/Elezioni2020/www/Risultati/09047020.html
Pistoia,https://elezioni2020.regione.toscana.it/Elezioni2020/www/Risultati/09047021.html
Prato,https://elezioni2020.regione.toscana.it/Elezioni2020/www/Risultati/09100001.html
Prato,https://elezioni2020.regione.toscana.it/Elezioni2020/www/Risultati/09100002.html
Prato,https://elezioni2020.regione.toscana.it/Elezioni2020/www/Risultati/09100003.html
Prato,https://elezioni2020.regione.toscana.it/Elezioni2020/www/Risultati/09100004.html
Prato,https://elezioni2020.regione.toscana.it/Elezioni2020/www/Risultati/09100005.html
Prato,https://elezioni2020.regione.toscana.it/Elezioni2020/www/Risultati/09100006.html
Prato,https://elezioni2020.regione.toscana.it/Elezioni2020/www/Risultati/09100007.html
Siena,https://elezioni2020.regione.toscana.it/Elezioni2020/www/Risultati/09052001.html
Siena,https://elezioni2020.regione.toscana.it/Elezioni2020/www/Risultati/09052002.html
Siena,https://elezioni2020.regione.toscana.it/Elezioni2020/www/Risultati/09052003.html
Siena,https://elezioni2020.regione.toscana.it/Elezioni2020/www/Risultati/09052004.html
Siena,https://elezioni2020.regione.toscana.it/Elezioni2020/www/Risultati/09052005.html
Siena,https://elezioni2020.regione.toscana.it/Elezioni2020/www/Risultati/09052006.html
Siena,https://elezioni2020.regione.toscana.it/Elezioni2020/www/Risultati/09052007.html
Siena,https://elezioni2020.regione.toscana.it/Elezioni2020/www/Risultati/09052008.html
Siena,https://elezioni2020.regione.toscana.it/Elezioni2020/www/Risultati/09052009.html
Siena,https://elezioni2020.regione.toscana.it/Elezioni2020/www/Risultati/09052010.html
Siena,https://elezioni2020.regione.toscana.it/Elezioni2020/www/Risultati/09052011.html
Siena,https://elezioni2020.regione.toscana.it/Elezioni2020/www/Risultati/09052012.html
Siena,https://elezioni2020.regione.toscana.it/Elezioni2020/www/Risultati/09052013.html
Siena,https://elezioni2020.regione.toscana.it/Elezioni2020/www/Risultati/09052037.html
Siena,https://elezioni2020.regione.toscana.it/Elezioni2020/www/Risultati/09052015.html
Siena,https://elezioni2020.regione.toscana.it/Elezioni2020/www/Risultati/09052016.html
Siena,https://elezioni2020.regione.toscana.it/Elezioni2020/www/Risultati/09052017.html
Siena,https://elezioni2020.regione.toscana.it/Elezioni2020/www/Risultati/09052018.html
Siena,https://elezioni2020.regione.toscana.it/Elezioni2020/www/Risultati/09052019.html
Siena,https://elezioni2020.regione.toscana.it/Elezioni2020/www/Risultati/09052020.html
Siena,https://elezioni2020.regione.toscana.it/Elezioni2020/www/Risultati/09052021.html
Siena,https://elezioni2020.regione.toscana.it/Elezioni2020/www/Risultati/09052022.html
Siena,https://elezioni2020.regione.toscana.it/Elezioni2020/www/Risultati/09052023.html
Siena,https://elezioni2020.regione.toscana.it/Elezioni2020/www/Risultati/09052024.html
Siena,https://elezioni2020.regione.toscana.it/Elezioni2020/www/Risultati/09052025.html
Siena,https://elezioni2020.regione.toscana.it/Elezioni2020/www/Risultati/09052026.html
Siena,https://elezioni2020.regione.toscana.it/Elezioni2020/www/Risultati/09052027.html
Siena,https://elezioni2020.regione.toscana.it/Elezioni2020/www/Risultati/09052028.html
Siena,https://elezioni2020.regione.toscana.it/Elezioni2020/www/Risultati/09052030.html
Siena,https://elezioni2020.regione.toscana.it/Elezioni2020/www/Risultati/09052031.html
Siena,https://elezioni2020.regione.toscana.it/Elezioni2020/www/Risultati/09052032.html
Siena,https://elezioni2020.regione.toscana.it/Elezioni2020/www/Risultati/09052033.html
Siena,https://elezioni2020.regione.toscana.it/Elezioni2020/www/Risultati/09052034.html
Siena,https://elezioni2020.regione.toscana.it/Elezioni2020/www/Risultati/09052035.html
Siena,https://elezioni2020.regione.toscana.it/Elezioni2020/www/Risultati/09052036.html
Firenze 1,https://elezioni2020.regione.toscana.it/Elezioni2020/www/Risultati/09048017.html
Firenze 2,https://elezioni2020.regione.toscana.it/Elezioni2020/www/Risultati/09048001.html
Firenze 2,https://elezioni2020.regione.toscana.it/Elezioni2020/www/Risultati/09048054.html
Firenze 2,https://elezioni2020.regione.toscana.it/Elezioni2020/www/Risultati/09048002.html
Firenze 2,https://elezioni2020.regione.toscana.it/Elezioni2020/www/Risultati/09048004.html
Firenze 2,https://elezioni2020.regione.toscana.it/Elezioni2020/www/Risultati/09048013.html
Firenze 2,https://elezioni2020.regione.toscana.it/Elezioni2020/www/Risultati/09048015.html
Firenze 2,https://elezioni2020.regione.toscana.it/Elezioni2020/www/Risultati/09048052.html
Firenze 2,https://elezioni2020.regione.toscana.it/Elezioni2020/www/Risultati/09048018.html
Firenze 2,https://elezioni2020.regione.toscana.it/Elezioni2020/www/Risultati/09048021.html
Firenze 2,https://elezioni2020.regione.toscana.it/Elezioni2020/www/Risultati/09048022.html
Firenze 2,https://elezioni2020.regione.toscana.it/Elezioni2020/www/Risultati/09048025.html
Firenze 2,https://elezioni2020.regione.toscana.it/Elezioni2020/www/Risultati/09048026.html
Firenze 2,https://elezioni2020.regione.toscana.it/Elezioni2020/www/Risultati/09048031.html
Firenze 2,https://elezioni2020.regione.toscana.it/Elezioni2020/www/Risultati/09048032.html
Firenze 2,https://elezioni2020.regione.toscana.it/Elezioni2020/www/Risultati/09048033.html
Firenze 2,https://elezioni2020.regione.toscana.it/Elezioni2020/www/Risultati/09048035.html
Firenze 2,https://elezioni2020.regione.toscana.it/Elezioni2020/www/Risultati/09048036.html
Firenze 2,https://elezioni2020.regione.toscana.it/Elezioni2020/www/Risultati/09048037.html
Firenze 2,https://elezioni2020.regione.toscana.it/Elezioni2020/www/Risultati/09048038.html
Firenze 2,https://elezioni2020.regione.toscana.it/Elezioni2020/www/Risultati/09048039.html
Firenze 2,https://elezioni2020.regione.toscana.it/Elezioni2020/www/Risultati/09048053.html
Firenze 2,https://elezioni2020.regione.toscana.it/Elezioni2020/www/Risultati/09048046.html
Firenze 2,https://elezioni2020.regione.toscana.it/Elezioni2020/www/Risultati/09048049.html
Firenze 3,https://elezioni2020.regione.toscana.it/Elezioni2020/www/Risultati/09048008.html
Firenze 3,https://elezioni2020.regione.toscana.it/Elezioni2020/www/Risultati/09048010.html
Firenze 3,https://elezioni2020.regione.toscana.it/Elezioni2020/www/Risultati/09048011.html
Firenze 3,https://elezioni2020.regione.toscana.it/Elezioni2020/www/Risultati/09048012.html
Firenze 3,https://elezioni2020.regione.toscana.it/Elezioni2020/www/Risultati/09048014.html
Firenze 3,https://elezioni2020.regione.toscana.it/Elezioni2020/www/Risultati/09048019.html
Firenze 3,https://elezioni2020.regione.toscana.it/Elezioni2020/www/Risultati/09048020.html
Firenze 3,https://elezioni2020.regione.toscana.it/Elezioni2020/www/Risultati/09048027.html
Firenze 3,https://elezioni2020.regione.toscana.it/Elezioni2020/www/Risultati/09048028.html
Firenze 3,https://elezioni2020.regione.toscana.it/Elezioni2020/www/Risultati/09048030.html
Firenze 3,https://elezioni2020.regione.toscana.it/Elezioni2020/www/Risultati/09048050.html
Firenze 4,https://elezioni2020.regione.toscana.it/Elezioni2020/www/Risultati/09048005.html
Firenze 4,https://elezioni2020.regione.toscana.it/Elezioni2020/www/Risultati/09048006.html
Firenze 4,https://elezioni2020.regione.toscana.it/Elezioni2020/www/Risultati/09048024.html
Firenze 4,https://elezioni2020.regione.toscana.it/Elezioni2020/www/Risultati/09048041.html
Firenze 4,https://elezioni2020.regione.toscana.it/Elezioni2020/www/Risultati/09048043.html
Firenze 4,https://elezioni2020.regione.toscana.it/Elezioni2020/www/Risultati/09048044.html
Lucca,https://elezioni2020.regione.toscana.it/Elezioni2020/www/Risultati/09046001.html
Lucca,https://elezioni2020.regione.toscana.it/Elezioni2020/www/Risultati/09046002.html
Lucca,https://elezioni2020.regione.toscana.it/Elezioni2020/www/Risultati/09046003.html
Lucca,https://elezioni2020.regione.toscana.it/Elezioni2020/www/Risultati/09046004.html
Lucca,https://elezioni2020.regione.toscana.it/Elezioni2020/www/Risultati/09046005.html
Lucca,https://elezioni2020.regione.toscana.it/Elezioni2020/www/Risultati/09046006.html
Lucca,https://elezioni2020.regione.toscana.it/Elezioni2020/www/Risultati/09046007.html
Lucca,https://elezioni2020.regione.toscana.it/Elezioni2020/www/Risultati/09046008.html
Lucca,https://elezioni2020.regione.toscana.it/Elezioni2020/www/Risultati/09046009.html
Lucca,https://elezioni2020.regione.toscana.it/Elezioni2020/www/Risultati/09046010.html
Lucca,https://elezioni2020.regione.toscana.it/Elezioni2020/www/Risultati/09046011.html
Lucca,https://elezioni2020.regione.toscana.it/Elezioni2020/www/Risultati/09046036.html
Lucca,https://elezioni2020.regione.toscana.it/Elezioni2020/www/Risultati/09046013.html
Lucca,https://elezioni2020.regione.toscana.it/Elezioni2020/www/Risultati/09046014.html
Lucca,https://elezioni2020.regione.toscana.it/Elezioni2020/www/Risultati/09046015.html
Lucca,https://elezioni2020.regione.toscana.it/Elezioni2020/www/Risultati/09046017.html
Lucca,https://elezioni2020.regione.toscana.it/Elezioni2020/www/Risultati/09046018.html
Lucca,https://elezioni2020.regione.toscana.it/Elezioni2020/www/Risultati/09046019.html
Lucca,https://elezioni2020.regione.toscana.it/Elezioni2020/www/Risultati/09046020.html
Lucca,https://elezioni2020.regione.toscana.it/Elezioni2020/www/Risultati/09046021.html
Lucca,https://elezioni2020.regione.toscana.it/Elezioni2020/www/Risultati/09046022.html
Lucca,https://elezioni2020.regione.toscana.it/Elezioni2020/www/Risultati/09046023.html
Lucca,https://elezioni2020.regione.toscana.it/Elezioni2020/www/Risultati/09046024.html
Lucca,https://elezioni2020.regione.toscana.it/Elezioni2020/www/Risultati/09046025.html
Lucca,https://elezioni2020.regione.toscana.it/Elezioni2020/www/Risultati/09046026.html
Lucca,https://elezioni2020.regione.toscana.it/Elezioni2020/www/Risultati/09046027.html
Lucca,https://elezioni2020.regione.toscana.it/Elezioni2020/www/Risultati/09046028.html
Lucca,https://elezioni2020.regione.toscana.it/Elezioni2020/www/Risultati/09046037.html
Lucca,https://elezioni2020.regione.toscana.it/Elezioni2020/www/Risultati/09046030.html
Lucca,https://elezioni2020.regione.toscana.it/Elezioni2020/www/Risultati/09046031.html
Lucca,https://elezioni2020.regione.toscana.it/Elezioni2020/www/Risultati/09046033.html
Lucca,https://elezioni2020.regione.toscana.it/Elezioni2020/www/Risultati/09046034.html
Lucca,https://elezioni2020.regione.toscana.it/Elezioni2020/www/Risultati/09046035.html
